PDB,pre,real,PCC,SCC,MAE,RMSE
1PD7,"[0.42642638087272644, 0.5002013444900513, 0.5719701647758484, 0.645580530166626, 0.7364275455474854, 0.8048110008239746, 0.8509119153022766, 0.8631155490875244, 0.8749925494194031, 0.8853722810745239, 0.885680079460144, 0.8878785967826843, 0.8871322274208069, 0.8861053586006165, 0.8843258619308472, 0.88043212890625, 0.8740880489349365, 0.8589563369750977, 0.8491735458374023, 0.8417162299156189, 0.8398781418800354, 0.8442171216011047, 0.8513952493667603, 0.8677577972412109, 0.8762784600257874, 0.8809853196144104, 0.8830415606498718, 0.8843263387680054, 0.8882948756217957, 0.8877577781677246, 0.8877314925193787, 0.885970950126648, 0.8813536167144775, 0.8779394626617432, 0.8670244812965393, 0.8496425151824951, 0.7815070152282715, 0.7084627151489258, 0.6220535635948181, 0.5822316408157349, 0.5657747983932495, 0.5713460445404053, 0.6089950203895569, 0.6470212936401367, 0.7463153600692749, 0.8147153854370117, 0.8795372843742371, 0.8863769769668579, 0.8903031349182129, 0.8880907297134399, 0.8836402893066406, 0.8825882077217102, 0.8724210262298584, 0.8582102060317993, 0.840631365776062, 0.8375481367111206, 0.8416100740432739, 0.8571602702140808, 0.8683352470397949, 0.8783479928970337, 0.8842197060585022, 0.8852957487106323, 0.8796666860580444, 0.8645017147064209, 0.8440324664115906, 0.7725847363471985, 0.634636640548706, 0.43128591775894165]","[0.13600000739097595, 0.21199999749660492, 0.26100000739097595, 0.3630000054836273, 0.8410000205039978, 0.8999999761581421, 0.8790000081062317, 0.9399999976158142, 0.9390000104904175, 0.902999997138977, 0.921999990940094, 0.9319999814033508, 0.9269999861717224, 0.9760000109672546, 0.9049999713897705, 1.0, 0.8859999775886536, 0.9330000281333923, 0.8629999756813049, 0.8939999938011169, 0.8809999823570251, 0.8270000219345093, 0.890999972820282, 0.9399999976158142, 0.8759999871253967, 0.9340000152587891, 0.8999999761581421, 0.8849999904632568, 0.9179999828338623, 0.8809999823570251, 0.925000011920929, 0.9369999766349792, 0.9290000200271606, 0.9350000023841858, 0.875, 0.8980000019073486, 0.8999999761581421, 0.6869999766349792, 0.3240000009536743, 0.5210000276565552, 0.33000001311302185, 0.4970000088214874, 0.5180000066757202, 0.5509999990463257, 0.5830000042915344, 0.8730000257492065, 0.8989999890327454, 0.9369999766349792, 0.921999990940094, 0.9110000133514404, 0.9300000071525574, 0.890999972820282, 0.9010000228881836, 0.8830000162124634, 0.8579999804496765, 0.8529999852180481, 0.8640000224113464, 0.8330000042915344, 0.9210000038146973, 0.7770000100135803, 0.8730000257492065, 0.8920000195503235, 0.8619999885559082, 0.9179999828338623, 0.9150000214576721, 0.8650000095367432, 0.7139999866485596, 0.4779999852180481]",0.9283638212193572,0.7451635419058567,0.068392836,0.10145747
1WRS,"[0.6200296878814697, 0.7099301218986511, 0.7682160139083862, 0.8139792680740356, 0.8274183869361877, 0.8497114181518555, 0.8620415925979614, 0.8657859563827515, 0.8716257214546204, 0.8777767419815063, 0.8846625089645386, 0.8864863514900208, 0.887154757976532, 0.884688138961792, 0.8844031691551208, 0.878410279750824, 0.8705304265022278, 0.8573404550552368, 0.8456910252571106, 0.8399754762649536, 0.84474116563797, 0.8546334505081177, 0.8677825927734375, 0.8773589134216309, 0.8857100605964661, 0.8887014389038086, 0.8805712461471558, 0.8645681738853455, 0.8524120450019836, 0.8534606695175171, 0.8648139238357544, 0.8760890364646912, 0.8798801898956299, 0.8828265070915222, 0.8858291506767273, 0.8931810855865479, 0.901036262512207, 0.9003445506095886, 0.8922379612922668, 0.877501904964447, 0.8607291579246521, 0.8439069390296936, 0.83890300989151, 0.8514958620071411, 0.868474543094635, 0.8819848895072937, 0.880179762840271, 0.8768538236618042, 0.8598122596740723, 0.8646703958511353, 0.8712231516838074, 0.8886383771896362, 0.8852219581604004, 0.8832296133041382, 0.8778824210166931, 0.8669725060462952, 0.8479487895965576, 0.8411958813667297, 0.8501205444335938, 0.8699213266372681, 0.8776209354400635, 0.8804311156272888, 0.8836935758590698, 0.8865389227867126, 0.8855517506599426, 0.881662130355835, 0.8758803606033325, 0.8687209486961365, 0.8447099924087524, 0.820323646068573, 0.7674777507781982, 0.6986958980560303]","[0.2199999988079071, 0.44999998807907104, 0.46000000834465027, 0.6100000143051147, 0.6800000071525574, 0.8799999952316284, 0.800000011920929, 0.8999999761581421, 0.8899999856948853, 0.8999999761581421, 0.8999999761581421, 0.9200000166893005, 0.8799999952316284, 0.9599999785423279, 0.8799999952316284, 0.8700000047683716, 0.9200000166893005, 0.9200000166893005, 0.8399999737739563, 0.8700000047683716, 0.9300000071525574, 0.9200000166893005, 0.9399999976158142, 0.8500000238418579, 0.9100000262260437, 0.949999988079071, 0.9300000071525574, 0.9399999976158142, 0.949999988079071, 0.8299999833106995, 0.8500000238418579, 0.8999999761581421, 0.8600000143051147, 0.9700000286102295, 0.9200000166893005, 0.8899999856948853, 0.9399999976158142, 0.9599999785423279, 0.9700000286102295, 0.8199999928474426, 0.8500000238418579, 0.8700000047683716, 0.8199999928474426, 0.8500000238418579, 0.8299999833106995, 0.8500000238418579, 0.7599999904632568, 0.8600000143051147, 0.8399999737739563, 0.75, 0.949999988079071, 0.9599999785423279, 0.9800000190734863, 0.9200000166893005, 0.8999999761581421, 0.9399999976158142, 0.9200000166893005, 0.7699999809265137, 0.8799999952316284, 0.949999988079071, 0.9300000071525574, 0.9200000166893005, 0.949999988079071, 0.9200000166893005, 0.9599999785423279, 0.9200000166893005, 0.8999999761581421, 0.8899999856948853, 0.9100000262260437, 0.9100000262260437, 0.38999998569488525, 0.09000000357627869]",0.8961059802273343,0.5862821413743405,0.073578864,0.123139024
1WRT,"[0.7823816537857056, 0.8237460851669312, 0.8519770503044128, 0.8651043772697449, 0.8713705539703369, 0.8782967329025269, 0.883804440498352, 0.8867998123168945, 0.8871477842330933, 0.8870155811309814, 0.8808947205543518, 0.8704561591148376, 0.8570543527603149, 0.845909595489502, 0.8465266823768616, 0.8538797497749329, 0.8684036135673523, 0.8780978918075562, 0.8864203095436096, 0.891735315322876, 0.8918687701225281, 0.8761220574378967, 0.8619500398635864, 0.8542033433914185, 0.8648871779441833, 0.8751377463340759, 0.8801142573356628, 0.8799000978469849, 0.8804062604904175, 0.8856905102729797, 0.8939834833145142, 0.9017313718795776, 0.8998981714248657, 0.8820810317993164, 0.8726045489311218, 0.8678982257843018, 0.8825480937957764, 0.871559202671051, 0.8581345081329346, 0.8569664359092712, 0.8696507811546326, 0.8881781697273254, 0.8853864669799805, 0.8833290338516235, 0.877048909664154, 0.865390419960022, 0.8473023772239685, 0.841088593006134, 0.851139485836029, 0.8699250817298889, 0.8783389329910278, 0.8813661932945251, 0.8844123482704163, 0.8870342969894409, 0.8851037621498108, 0.8752272725105286, 0.8504509329795837, 0.7985793352127075, 0.7154637575149536, 0.5818326473236084, 0.4125506579875946]","[0.5600000023841858, 0.8199999928474426, 0.8500000238418579, 0.8700000047683716, 0.9200000166893005, 0.9100000262260437, 0.9100000262260437, 0.9100000262260437, 0.8999999761581421, 0.8899999856948853, 0.9399999976158142, 0.9100000262260437, 0.9300000071525574, 0.8799999952316284, 0.8799999952316284, 0.8899999856948853, 0.9300000071525574, 0.9100000262260437, 0.8799999952316284, 0.9700000286102295, 0.9700000286102295, 0.8999999761581421, 0.9200000166893005, 0.8999999761581421, 0.8899999856948853, 0.8899999856948853, 0.949999988079071, 0.9300000071525574, 0.9399999976158142, 0.9300000071525574, 0.8999999761581421, 0.9399999976158142, 0.9700000286102295, 0.8999999761581421, 0.8799999952316284, 0.7699999809265137, 0.8899999856948853, 0.6600000262260437, 0.7099999785423279, 0.6000000238418579, 0.9200000166893005, 0.8500000238418579, 0.8100000023841858, 0.8700000047683716, 0.9399999976158142, 0.8899999856948853, 0.8799999952316284, 0.8799999952316284, 0.9200000166893005, 0.9100000262260437, 0.8999999761581421, 0.9300000071525574, 0.9100000262260437, 0.9100000262260437, 0.9300000071525574, 0.8299999833106995, 0.8700000047683716, 0.9300000071525574, 0.8500000238418579, 0.4099999964237213, 0.09000000357627869]",0.8493832671539001,0.4840604330771465,0.058978166,0.08636776
1Z9B,"[0.5167608261108398, 0.5248109698295593, 0.5341406464576721, 0.5692529082298279, 0.6235408186912537, 0.730475127696991, 0.821576714515686, 0.8692561984062195, 0.8754814267158508, 0.8802996873855591, 0.8785665035247803, 0.8744668364524841, 0.8677361011505127, 0.8565635681152344, 0.8500916957855225, 0.8464303016662598, 0.8547105193138123, 0.8620942234992981, 0.872751772403717, 0.8819680213928223, 0.8879889249801636, 0.8920987844467163, 0.8835222125053406, 0.8746713995933533, 0.8506628274917603, 0.8345668315887451, 0.8302228450775146, 0.8469469547271729, 0.8663312196731567, 0.8735713958740234, 0.8740717768669128, 0.8699321150779724, 0.8626548647880554, 0.851953387260437, 0.8441265225410461, 0.835890531539917, 0.8387708067893982, 0.8395366072654724, 0.8499523401260376, 0.8567609190940857, 0.8682694435119629, 0.8762951493263245, 0.8836764097213745, 0.8879069685935974, 0.8852694630622864, 0.876513659954071, 0.8682877421379089, 0.8627721071243286, 0.8656570315361023, 0.8709806203842163, 0.8756828904151917, 0.8773247599601746, 0.8634655475616455, 0.8428159356117249, 0.8205277323722839, 0.8334894180297852, 0.8437507748603821, 0.8671832084655762, 0.8668298125267029, 0.8670763969421387, 0.8526014685630798, 0.8437764048576355, 0.8447203636169434, 0.8344231843948364, 0.8346987962722778, 0.8388122916221619, 0.8580434322357178]","[0.0860000029206276, 0.10599999874830246, 0.15000000596046448, 0.13199999928474426, 0.35499998927116394, 0.4909999966621399, 0.796999990940094, 0.8130000233650208, 0.902999997138977, 0.8650000095367432, 0.8659999966621399, 0.9190000295639038, 0.8640000224113464, 0.8119999766349792, 0.8550000190734863, 0.906000018119812, 0.9399999976158142, 0.8309999704360962, 0.859000027179718, 0.9229999780654907, 0.9020000100135803, 0.9200000166893005, 0.8849999904632568, 0.9240000247955322, 0.8889999985694885, 0.8259999752044678, 0.8389999866485596, 0.8339999914169312, 0.8349999785423279, 0.8420000076293945, 0.9190000295639038, 0.8840000033378601, 0.8560000061988831, 0.8040000200271606, 0.8169999718666077, 0.906000018119812, 0.781000018119812, 0.8880000114440918, 0.9089999794960022, 0.871999979019165, 0.8529999852180481, 0.9110000133514404, 0.9459999799728394, 0.9269999861717224, 0.9110000133514404, 0.8349999785423279, 0.902999997138977, 0.8190000057220459, 0.8370000123977661, 0.7889999747276306, 0.9049999713897705, 0.9670000076293945, 0.871999979019165, 0.9020000100135803, 0.7770000100135803, 0.8159999847412109, 0.8939999938011169, 0.9620000123977661, 0.8759999871253967, 0.9549999833106995, 0.8899999856948853, 0.8679999709129333, 0.8169999718666077, 0.8859999775886536, 0.7870000004768372, 0.8809999823570251, 0.8230000138282776]",0.9729089729884195,0.6080180415282859,0.06601167,0.118646435
2JWT,"[0.3895432651042938, 0.4441757798194885, 0.5021970868110657, 0.5403494238853455, 0.6229942440986633, 0.6824035048484802, 0.7536041736602783, 0.7919463515281677, 0.8217635750770569, 0.8425441384315491, 0.8552126288414001, 0.8702691197395325, 0.8760332465171814, 0.8835606575012207, 0.885563850402832, 0.8835859298706055, 0.8794097304344177, 0.8770273923873901, 0.8730881810188293, 0.8639485239982605, 0.855469286441803, 0.8458601832389832, 0.8440389633178711, 0.8417116403579712, 0.8343855738639832, 0.8336845636367798, 0.8379950523376465, 0.8545632362365723, 0.8649656772613525, 0.8721886277198792, 0.8751922845840454, 0.8765328526496887, 0.8776270151138306, 0.8749922513961792, 0.8716862797737122, 0.8642914891242981, 0.8584710955619812, 0.8512913584709167, 0.8479283452033997, 0.8536339998245239, 0.8598814010620117, 0.8703908920288086, 0.8757123351097107, 0.8784312009811401, 0.856604278087616, 0.857856810092926, 0.8534035682678223, 0.8702431321144104, 0.8557601571083069, 0.8594399094581604, 0.8558678030967712, 0.8221848011016846, 0.7566489577293396, 0.6865893006324768, 0.6761069893836975, 0.6433620452880859, 0.5622774958610535, 0.40092581510543823]","[0.1808999925851822, 0.20970000326633453, 0.3124000132083893, 0.25780001282691956, 0.3889000117778778, 0.2387000024318695, 0.5521000027656555, 0.7954999804496765, 0.8228999972343445, 0.8396999835968018, 0.8216999769210815, 0.8952000141143799, 0.8593999743461609, 0.8342999815940857, 0.8687000274658203, 0.8981999754905701, 0.8783000111579895, 0.8492000102996826, 0.9261000156402588, 0.8295000195503235, 0.8877000212669373, 0.8159000277519226, 0.7839000225067139, 0.8428999781608582, 0.7857000231742859, 0.691100001335144, 0.829200029373169, 0.9042999744415283, 0.8185999989509583, 0.8432999849319458, 0.8407999873161316, 0.8655999898910522, 0.8981999754905701, 0.8094000220298767, 0.8187000155448914, 0.8519999980926514, 0.8422999978065491, 0.816100001335144, 0.7590000033378601, 0.6894999742507935, 0.8924000263214111, 0.8119000196456909, 0.8356999754905701, 0.8529000282287598, 0.8495000004768372, 0.8539999723434448, 0.8605999946594238, 0.8938999772071838, 0.8830999732017517, 0.8605999946594238, 0.7986000180244446, 0.8949999809265137, 0.7789999842643738, 0.7107999920845032, 0.5116999745368958, 0.4413999915122986, 0.17219999432563782, 0.16850000619888306]",0.9427420340662858,0.7279131294203246,0.07614941,0.12368868
2L6B,"[0.5088678002357483, 0.5225174427032471, 0.5871016383171082, 0.6301195621490479, 0.6507977247238159, 0.7086029052734375, 0.7621617913246155, 0.8584249019622803, 0.8562800884246826, 0.8516809940338135, 0.7980337738990784, 0.7888699173927307, 0.7188548445701599, 0.734052300453186, 0.7481420040130615, 0.8453298211097717, 0.8771196007728577, 0.8768467307090759, 0.8732120394706726, 0.8456149101257324, 0.7771428227424622, 0.754608154296875, 0.77558833360672, 0.8317831158638, 0.8466224670410156, 0.8528064489364624, 0.847941517829895, 0.7979341149330139, 0.7839362621307373, 0.7793871760368347, 0.8214581608772278, 0.8255821466445923, 0.8474377989768982, 0.8693979382514954, 0.8814801573753357, 0.8822043538093567, 0.8761817812919617, 0.8723168969154358, 0.8532820343971252, 0.8464072942733765, 0.771863579750061, 0.7832271456718445, 0.7874585390090942, 0.8710441589355469, 0.8728384971618652, 0.8748524785041809, 0.8754491209983826, 0.8759481906890869, 0.8660700917243958, 0.8515194654464722, 0.8405519127845764, 0.844771683216095, 0.8481384515762329, 0.8504999876022339, 0.8550413846969604, 0.8502570390701294, 0.84233558177948, 0.8384917974472046, 0.8326658010482788, 0.8344693779945374, 0.8240514993667603, 0.8293193578720093, 0.8467085957527161, 0.8672478795051575, 0.8784523606300354, 0.8807640075683594, 0.8706935048103333, 0.8694307804107666, 0.8505600094795227, 0.8421041965484619, 0.7968674898147583, 0.8100189566612244, 0.822626531124115, 0.8726895451545715, 0.8733344078063965, 0.8733910322189331, 0.8723883032798767, 0.8562512993812561, 0.844727098941803, 0.829306423664093, 0.8397091627120972, 0.8337317109107971, 0.7893185615539551, 0.7801291346549988, 0.8250287771224976]","[0.7850000262260437, 0.42399999499320984, 0.5600000023841858, 0.6079999804496765, 0.5429999828338623, 0.734000027179718, 0.8859999775886536, 0.8939999938011169, 0.8759999871253967, 0.8759999871253967, 0.9100000262260437, 0.8519999980926514, 0.8489999771118164, 0.8090000152587891, 0.8379999995231628, 0.9100000262260437, 0.8809999823570251, 0.9089999794960022, 0.890999972820282, 0.7609999775886536, 0.8759999871253967, 0.8429999947547913, 0.6959999799728394, 0.7490000128746033, 0.8349999785423279, 0.8209999799728394, 0.8899999856948853, 0.8619999885559082, 0.777999997138977, 0.8090000152587891, 0.8209999799728394, 0.8859999775886536, 0.8339999914169312, 0.9039999842643738, 0.9120000004768372, 0.9169999957084656, 0.8949999809265137, 0.9229999780654907, 0.8920000195503235, 0.8659999966621399, 0.8489999771118164, 0.8539999723434448, 0.8690000176429749, 0.8759999871253967, 0.9240000247955322, 0.8870000243186951, 0.9340000152587891, 0.8830000162124634, 0.890999972820282, 0.9169999957084656, 0.8870000243186951, 0.847000002861023, 0.8640000224113464, 0.8220000267028809, 0.8119999766349792, 0.8889999985694885, 0.8450000286102295, 0.8550000190734863, 0.8450000286102295, 0.8349999785423279, 0.8379999995231628, 0.8619999885559082, 0.8640000224113464, 0.8989999890327454, 0.8619999885559082, 0.9319999814033508, 0.8600000143051147, 0.9179999828338623, 0.9509999752044678, 0.8529999852180481, 0.8579999804496765, 0.8029999732971191, 0.8920000195503235, 0.8420000076293945, 0.8820000290870667, 0.8199999928474426, 0.9200000166893005, 0.8659999966621399, 0.8420000076293945, 0.5839999914169312, 0.5230000019073486, 0.164000004529953, 0.1289999932050705, 0.14399999380111694, 0.03999999910593033]",0.3804261013639013,0.6325109640296475,0.08080668,0.16670917
2LUO,"[0.4594371020793915, 0.5526716113090515, 0.6697804927825928, 0.765921413898468, 0.8437644839286804, 0.868050754070282, 0.8809990882873535, 0.8650751113891602, 0.869691014289856, 0.8769884705543518, 0.8964200019836426, 0.8944796323776245, 0.8919193744659424, 0.8926727771759033, 0.8911226987838745, 0.886114776134491, 0.8788034915924072, 0.8707872033119202, 0.859069287776947, 0.8468512296676636, 0.8405484557151794, 0.8339923024177551, 0.8370628952980042, 0.8335166573524475, 0.8437021970748901, 0.8536390066146851, 0.866199791431427, 0.8690219521522522, 0.8637257814407349, 0.8645687103271484, 0.8562234044075012, 0.8542800545692444, 0.8293997049331665, 0.8338726162910461, 0.8222076296806335, 0.8084151148796082, 0.7476378679275513, 0.7368268966674805, 0.7421116232872009, 0.7886707186698914, 0.8214434385299683, 0.8590689897537231, 0.8859730362892151, 0.8907850384712219, 0.8929096460342407, 0.8895058035850525, 0.8793521523475647, 0.8592929244041443, 0.8435105085372925, 0.8287577033042908, 0.8300485610961914, 0.8324778079986572, 0.8372554779052734, 0.8483094573020935, 0.8385728597640991, 0.8376578688621521, 0.8307361602783203, 0.845909833908081, 0.8566333651542664, 0.8614869713783264, 0.8624926805496216, 0.8609387874603271, 0.867904007434845, 0.8773144483566284, 0.8862509727478027, 0.8850370049476624, 0.8825280070304871, 0.88284832239151, 0.8881577253341675, 0.8904428482055664, 0.8910018801689148, 0.88334059715271, 0.8726583123207092, 0.8572112917900085, 0.843529462814331, 0.834271252155304, 0.8117737770080566, 0.8192456960678101, 0.8338572382926941, 0.8669478893280029, 0.8758286237716675, 0.8803805112838745, 0.8791266679763794, 0.8754260540008545, 0.8666763305664062, 0.8478189706802368, 0.8160852193832397, 0.7765360474586487, 0.774127721786499, 0.8003301620483398, 0.835057258605957, 0.8341389894485474, 0.8158445358276367, 0.8117766380310059, 0.816317617893219, 0.8381781578063965, 0.85026615858078, 0.8689423203468323, 0.8790162205696106, 0.8857641220092773, 0.8932547569274902, 0.8973127007484436, 0.8950409293174744, 0.8935199975967407, 0.8872987031936646, 0.8899953961372375, 0.8859485387802124, 0.8870588541030884, 0.8840923309326172, 0.8863564729690552, 0.8808957934379578, 0.877461314201355, 0.8691552877426147, 0.8338962197303772, 0.7610681056976318, 0.6786149144172668, 0.609319806098938, 0.5329388380050659, 0.423552542924881]","[0.28209999203681946, 0.23800000548362732, 0.6140999794006348, 0.776199996471405, 0.7835999727249146, 0.8131999969482422, 0.8208000063896179, 0.7886000275611877, 0.8611999750137329, 0.794700026512146, 0.7932000160217285, 0.8726000189781189, 0.8223999738693237, 0.8507999777793884, 0.8255000114440918, 0.8361999988555908, 0.8224999904632568, 0.9229999780654907, 0.8432000279426575, 0.7867000102996826, 0.8867999911308289, 0.8237000107765198, 0.9093000292778015, 0.9014999866485596, 0.8305000066757202, 0.7754999995231628, 0.8431000113487244, 0.8101999759674072, 0.8238000273704529, 0.8112999796867371, 0.7918999791145325, 0.8490999937057495, 0.8208000063896179, 0.8271999955177307, 0.8722000122070312, 0.9194999933242798, 0.7547000050544739, 0.830299973487854, 0.8367999792098999, 0.7182000279426575, 0.805400013923645, 0.8313999772071838, 0.7674999833106995, 0.7993000149726868, 0.8568000197410583, 0.7534999847412109, 0.8047999739646912, 0.7599999904632568, 0.8384000062942505, 0.7825999855995178, 0.9000999927520752, 0.815500020980835, 0.7949000000953674, 0.7997999787330627, 0.8367000222206116, 0.8812999725341797, 0.7261999845504761, 0.845300018787384, 0.873199999332428, 0.7601000070571899, 0.8572999835014343, 0.8159000277519226, 0.8226000070571899, 0.8237000107765198, 0.8790000081062317, 0.7710999846458435, 0.8230999708175659, 0.8059999942779541, 0.8069999814033508, 0.8418999910354614, 0.7950000166893005, 0.8343999981880188, 0.9585999846458435, 0.7756999731063843, 0.9032999873161316, 0.7968999743461609, 0.758400022983551, 0.8773000240325928, 0.8169000148773193, 0.795799970626831, 0.8294000029563904, 0.7498000264167786, 0.8626000285148621, 0.8086000084877014, 0.8729000091552734, 0.8916000127792358, 0.8309999704360962, 0.6561999917030334, 0.8158000111579895, 0.7616000175476074, 0.661899983882904, 0.8618999719619751, 0.7784000039100647, 0.8378999829292297, 0.7401999831199646, 0.8015999794006348, 0.8355000019073486, 0.8289999961853027, 0.8743000030517578, 0.90829998254776, 0.8064000010490417, 0.7975999712944031, 0.8285999894142151, 0.8271999955177307, 0.7928000092506409, 0.8877000212669373, 0.7664999961853027, 0.7925000190734863, 0.7746999859809875, 0.7922000288963318, 0.8391000032424927, 0.8629000186920166, 0.8371000289916992, 0.7960000038146973, 0.8615999817848206, 0.7009999752044678, 0.40799999237060547, 0.18320000171661377, 0.11949999630451202]",0.8427735058577819,0.20434520196062353,0.06367851,0.085474476
2M3O,"[0.510381281375885, 0.5669922828674316, 0.637334942817688, 0.6956003308296204, 0.7613334655761719, 0.7875017523765564, 0.8234871625900269, 0.8351574540138245, 0.8526914119720459, 0.8495908975601196, 0.8427593111991882, 0.8367217779159546, 0.8326951265335083, 0.8295382857322693, 0.8295103311538696, 0.8406766653060913, 0.8554853796958923, 0.867009162902832, 0.8702366948127747, 0.8649184703826904, 0.858180820941925, 0.8495374917984009, 0.8481525778770447, 0.8487441539764404, 0.855208158493042, 0.8555808067321777, 0.8556113243103027, 0.8547680974006653, 0.8500180244445801, 0.8256102800369263, 0.7537326216697693, 0.6696555614471436, 0.5328171253204346, 0.366805762052536]","[0.44059768319129944, 0.22760485112667084, 0.2708261013031006, 0.1413639634847641, 0.39512690901756287, 0.6040545105934143, 0.49251502752304077, 0.8142656087875366, 0.7799736857414246, 0.8399640917778015, 0.9011927247047424, 0.6684208512306213, 0.8302431702613831, 0.2817283570766449, 0.7981041669845581, 0.7756413817405701, 0.6693063974380493, 0.8611859083175659, 0.7996752858161926, 0.7907914519309998, 0.7959305047988892, 0.8346428871154785, 0.7554439306259155, 0.8239755630493164, 0.8396193981170654, 0.7733882665634155, 0.8626232743263245, 0.8281091451644897, 0.7703416347503662, 0.40632981061935425, 0.5655758380889893, 0.2768789231777191, 0.17471453547477722, -1.6671774637905257e-12]",0.8214508355114533,0.7558441558441558,0.16631706,0.23530807
2XDI,"[0.5011301636695862, 0.5996650457382202, 0.6613335013389587, 0.707263171672821, 0.7470883727073669, 0.7823764681816101, 0.8095892071723938, 0.8165857195854187, 0.839428722858429, 0.8506060242652893, 0.860256016254425, 0.8626702427864075, 0.8661450743675232, 0.8719332218170166, 0.8787015676498413, 0.8851515650749207, 0.8870660662651062, 0.8884109258651733, 0.8883928060531616, 0.8870824575424194, 0.8843860030174255, 0.8779510259628296, 0.8699290156364441, 0.8563374876976013, 0.8457150459289551, 0.8397352695465088, 0.8451998233795166, 0.8537690043449402, 0.8670204281806946, 0.8766314387321472, 0.88718181848526, 0.8907107710838318, 0.8819729685783386, 0.8663632273674011, 0.8478059768676758, 0.8440619707107544, 0.8509960174560547, 0.8683518171310425, 0.8764849901199341, 0.8825667500495911, 0.8853393197059631, 0.8931675553321838, 0.897657573223114, 0.902843177318573, 0.9011523127555847, 0.8986127972602844, 0.8888280391693115, 0.8834683895111084, 0.858212411403656, 0.8422238230705261, 0.8335320949554443, 0.8547303080558777, 0.8699057698249817, 0.8784776329994202, 0.880517840385437, 0.8787057995796204, 0.8738128542900085, 0.8621963262557983, 0.8541328310966492, 0.8453754782676697, 0.8484523892402649, 0.8586850762367249, 0.874203622341156, 0.8826423287391663, 0.8864297866821289, 0.8872453570365906, 0.889546811580658, 0.8862280249595642, 0.8844898343086243, 0.8778910040855408, 0.8646814823150635, 0.8455966711044312, 0.8398199081420898, 0.8508705496788025, 0.8703166842460632, 0.8783889412879944, 0.8810303211212158, 0.8840256333351135, 0.8862819671630859, 0.8856562972068787, 0.8811814188957214, 0.8727574944496155, 0.8546165227890015, 0.8127825856208801, 0.749397337436676, 0.6504191160202026, 0.5495365858078003, 0.44873368740081787]","[0.07999999821186066, 0.14000000059604645, 0.20000000298023224, 0.3400000035762787, 0.3799999952316284, 0.41999998688697815, 0.5799999833106995, 0.6600000262260437, 0.6499999761581421, 0.699999988079071, 0.8500000238418579, 0.8799999952316284, 0.8500000238418579, 0.9200000166893005, 0.9300000071525574, 0.9100000262260437, 0.8999999761581421, 0.8999999761581421, 0.8899999856948853, 0.9200000166893005, 0.8899999856948853, 0.8999999761581421, 0.8899999856948853, 0.9300000071525574, 0.8999999761581421, 0.8600000143051147, 0.9599999785423279, 0.8899999856948853, 0.9399999976158142, 0.9300000071525574, 0.9300000071525574, 0.8899999856948853, 0.8999999761581421, 0.9300000071525574, 0.8999999761581421, 0.8600000143051147, 0.9200000166893005, 0.9399999976158142, 0.9300000071525574, 0.9100000262260437, 0.9200000166893005, 0.8700000047683716, 0.9300000071525574, 0.9599999785423279, 0.949999988079071, 0.9100000262260437, 0.9800000190734863, 0.9800000190734863, 0.9300000071525574, 0.7900000214576721, 0.7099999785423279, 0.8600000143051147, 0.7599999904632568, 0.8899999856948853, 0.7900000214576721, 0.8299999833106995, 0.8500000238418579, 0.7900000214576721, 0.8899999856948853, 0.8399999737739563, 0.6800000071525574, 1.0, 0.7599999904632568, 0.8899999856948853, 0.8999999761581421, 0.699999988079071, 0.6899999976158142, 0.8600000143051147, 0.8700000047683716, 0.9800000190734863, 0.8600000143051147, 0.7799999713897705, 0.8500000238418579, 0.8700000047683716, 0.9300000071525574, 0.8999999761581421, 0.8799999952316284, 0.949999988079071, 0.9100000262260437, 0.9300000071525574, 0.8799999952316284, 0.8899999856948853, 0.8799999952316284, 0.8999999761581421, 0.8500000238418579, 0.3700000047683716, 0.07999999821186066, 0.03999999910593033]",0.9104148763120341,0.5574615523558022,0.09098948,0.1480368
4AAI,"[0.4183541238307953, 0.5712684392929077, 0.6538025140762329, 0.6828176379203796, 0.6903274655342102, 0.7287571430206299, 0.788030207157135, 0.8277608156204224, 0.852823793888092, 0.8592408299446106, 0.8665198087692261, 0.8722642064094543, 0.8794921040534973, 0.8866539597511292, 0.8925142884254456, 0.8922937512397766, 0.8854072093963623, 0.8789891004562378, 0.8644633293151855, 0.8608667850494385, 0.8475281000137329, 0.8464891314506531, 0.8399553298950195, 0.8474660515785217, 0.858395516872406, 0.8712862133979797, 0.8781636953353882, 0.879595935344696, 0.8796553015708923, 0.8822169899940491, 0.8817208409309387, 0.8818787932395935, 0.8806176781654358, 0.8803835511207581, 0.8801907896995544, 0.8767993450164795, 0.870180070400238, 0.859935462474823, 0.8565109372138977, 0.8301671743392944, 0.8217880129814148, 0.8123345971107483, 0.8286833167076111, 0.8373454213142395, 0.8339815139770508, 0.8425350785255432, 0.84797602891922, 0.8497698307037354, 0.8412819504737854, 0.8314566612243652, 0.7944992780685425, 0.7824835181236267, 0.7646622657775879, 0.7782621383666992, 0.6819978952407837, 0.5739662647247314, 0.46223530173301697]","[0.14000000059604645, 0.38999998569488525, 0.5899999737739563, 0.7400000095367432, 0.8100000023841858, 0.9300000071525574, 0.8899999856948853, 0.8199999928474426, 0.9399999976158142, 1.0, 0.9599999785423279, 0.9900000095367432, 1.0, 1.0, 1.0, 0.8799999952316284, 0.9300000071525574, 0.9599999785423279, 0.9200000166893005, 0.9399999976158142, 1.0, 0.7799999713897705, 0.8399999737739563, 0.8100000023841858, 0.9900000095367432, 0.9200000166893005, 0.9900000095367432, 1.0, 1.0, 1.0, 1.0, 0.9399999976158142, 1.0, 0.949999988079071, 0.9800000190734863, 0.9900000095367432, 1.0, 0.9700000286102295, 0.9300000071525574, 0.9200000166893005, 0.9200000166893005, 0.9399999976158142, 0.9200000166893005, 1.0, 0.9399999976158142, 1.0, 0.8999999761581421, 0.9599999785423279, 0.9100000262260437, 0.9700000286102295, 1.0, 0.9399999976158142, 1.0, 0.9399999976158142, 0.8299999833106995, 0.3199999928474426, 0.07999999821186066]",0.910180640820807,0.5873308090529422,0.115968935,0.1332712
